{"cameraMode":{"drawMode":0,"name":"Shaded","section":"Shading Mode"},"sceneLighting":true,"audioPlay":false,"sceneViewState":{"showFog":true,"showMaterialUpdate":true,"showSkybox":true,"showFlares":true,"showImageEffects":true,"showParticleSystems":true},"in2DMode":false,"pivot":{"x":52.415279388427737,"y":31.56126594543457,"z":0.37568822503089907},"rotation":{"x":0.14655932784080506,"y":-0.7009847164154053,"z":0.15074986219406129,"w":0.6814877390861511},"size":10.0,"orthographic":true}