{"cameraMode":{"drawMode":0,"name":"Shaded","section":"Shading Mode"},"sceneLighting":false,"audioPlay":false,"sceneViewState":{"showFog":true,"showMaterialUpdate":true,"showSkybox":false,"showFlares":true,"showImageEffects":true,"showParticleSystems":true},"in2DMode":false,"pivot":{"x":0.3999890089035034,"y":0.8358867764472961,"z":4.611189365386963},"rotation":{"x":-0.013496344909071923,"y":-0.9601345658302307,"z":0.2753731310367584,"w":-0.046972159296274188},"size":1.741285800933838,"orthographic":true}