{"cameraMode":{"drawMode":0,"name":"Shaded","section":"Shading Mode"},"sceneLighting":true,"audioPlay":false,"sceneViewState":{"showFog":true,"showMaterialUpdate":true,"showSkybox":true,"showFlares":true,"showImageEffects":true,"showParticleSystems":true},"in2DMode":false,"pivot":{"x":1.2353193759918213,"y":0.6853160858154297,"z":-1.3147883415222169},"rotation":{"x":-0.6354923844337463,"y":0.3459591269493103,"z":-0.3827769160270691,"w":-0.5744730234146118},"size":25.381919860839845,"orthographic":true}