{"cameraMode":{"drawMode":0,"name":"Shaded","section":"Shading Mode"},"sceneLighting":false,"audioPlay":false,"sceneViewState":{"showFog":true,"showMaterialUpdate":true,"showSkybox":false,"showFlares":true,"showImageEffects":true,"showParticleSystems":true},"in2DMode":false,"pivot":{"x":0.031218290328979493,"y":1.415973424911499,"z":-4.706908702850342},"rotation":{"x":-0.036120422184467319,"y":0.9581490159034729,"z":-0.24701428413391114,"w":-0.14010834693908692},"size":6.110883712768555,"orthographic":false}