{"cameraMode":{"drawMode":0,"name":"Shaded","section":"Shading Mode"},"sceneLighting":true,"audioPlay":false,"sceneViewState":{"showFog":true,"showMaterialUpdate":true,"showSkybox":true,"showFlares":true,"showImageEffects":true,"showParticleSystems":true},"in2DMode":false,"pivot":{"x":1.2353193759918213,"y":0.6853160858154297,"z":-1.3147883415222169},"rotation":{"x":0.32849380373954775,"y":-0.30989229679107668,"z":0.11505752801895142,"w":0.8847764730453491},"size":11.142026901245118,"orthographic":true}